Security Type,Security ID,Security Description,Account,Trade Date,Value Date,Transaction Type,Quantity,Price Per Share,MV of Trade,Currency
ISIN,US71654V4086,PETROLEO BRASILEIRO-SPON ADR,Account 1,5/20/10,,,"780,095.00",,,
ISIN,US71654V4086,PETROLEO BRASILEIRO-SPON ADR,Account 2,5/20/10,,,"2,920,996.00",,,
ISIN,US71654V4086,PETROLEO BRASILEIRO-SPON ADR,Account 2,1/8/15,,,"5,949,729.00",,,
ISIN,US71654V4086,PETROLEO BRASILEIRO-SPON ADR,Account 1,5/26/10,6/1/10,BUY,"41,300.00",33.54,"1,385,197.87",USD
ISIN,US71654V4086,PETROLEO BRASILEIRO-SPON ADR,Account 1,5/28/10,6/3/10,BUY,"2,900.00",35.62,"103,356.00",USD
ISIN,US71654V4086,PETROLEO BRASILEIRO-SPON ADR,Account 1,6/1/10,6/4/10,BUY,"7,800.00",36.35,"283,903.17",USD
ISIN,US71654V4086,PETROLEO BRASILEIRO-SPON ADR,Account 1,6/9/10,6/14/10,TRANSFER,"-239,273.00",0.00,0.00,USD
ISIN,US71654V4086,PETROLEO BRASILEIRO-SPON ADR,Account 1,6/9/10,6/14/10,TRANSFER,"239,273.00",0.00,0.00,USD
ISIN,US71654V4086,PETROLEO BRASILEIRO-SPON ADR,Account 1,6/9/10,6/14/10,TRANSFER,"-29,200.00",0.00,0.00,USD
ISIN,US71654V4086,PETROLEO BRASILEIRO-SPON ADR,Account 1,6/9/10,6/14/10,TRANSFER,"29,200.00",0.00,0.00,USD
ISIN,US71654V4086,PETROLEO BRASILEIRO-SPON ADR,Account 1,6/9/10,6/14/10,TRANSFER,"254,776.00",0.00,0.00,USD
ISIN,US71654V4086,PETROLEO BRASILEIRO-SPON ADR,Account 1,6/9/10,6/14/10,TRANSFER,"-254,776.00",0.00,0.00,USD
ISIN,US71654V4086,PETROLEO BRASILEIRO-SPON ADR,Account 1,6/9/10,6/14/10,TRANSFER,"-200,589.00",0.00,0.00,USD
ISIN,US71654V4086,PETROLEO BRASILEIRO-SPON ADR,Account 1,6/9/10,6/14/10,TRANSFER,"200,589.00",0.00,0.00,USD
ISIN,US71654V4086,PETROLEO BRASILEIRO-SPON ADR,Account 1,6/9/10,6/14/10,TRANSFER,"-72,255.00",0.00,0.00,USD
ISIN,US71654V4086,PETROLEO BRASILEIRO-SPON ADR,Account 1,6/9/10,6/14/10,TRANSFER,"72,255.00",0.00,0.00,USD
ISIN,US71654V4086,PETROLEO BRASILEIRO-SPON ADR,Account 1,6/9/10,6/14/10,TRANSFER,"-36,002.00",0.00,0.00,USD
ISIN,US71654V4086,PETROLEO BRASILEIRO-SPON ADR,Account 1,6/9/10,6/14/10,TRANSFER,"36,002.00",0.00,0.00,USD
ISIN,US71654V4086,PETROLEO BRASILEIRO-SPON ADR,Account 1,6/30/10,7/6/10,BUY,"2,600.00",34.40,"89,431.34",USD
ISIN,US71654V4086,PETROLEO BRASILEIRO-SPON ADR,Account 1,6/30/10,7/6/10,BUY,"3,500.00",34.32,"120,190.00",USD
ISIN,US71654V4086,PETROLEO BRASILEIRO-SPON ADR,Account 1,7/2/10,7/8/10,BUY,"272,600.00",34.19,"9,325,755.04",USD
ISIN,US71654V4086,PETROLEO BRASILEIRO-SPON ADR,Account 1,7/7/10,7/12/10,SELL,"-3,700.00",34.67,"-128,098.83",USD
ISIN,US71654V4086,PETROLEO BRASILEIRO-SPON ADR,Account 1,7/30/10,8/4/10,SELL,"-1,510.00",36.40,"-54,932.87",USD
ISIN,US71654V4086,PETROLEO BRASILEIRO-SPON ADR,Account 1,7/30/10,8/4/10,SELL,"-49,900.00",36.40,"-1,816,360.00",USD
ISIN,US71654V4086,PETROLEO BRASILEIRO-SPON ADR,Account 1,7/30/10,8/4/10,SELL,"-1,190.00",36.40,"-43,316.00",USD
ISIN,US71654V4086,PETROLEO BRASILEIRO-SPON ADR,Account 1,8/13/10,8/18/10,SELL,"-6,443.00",35.90,"-230,978.28",USD
ISIN,US71654V4086,PETROLEO BRASILEIRO-SPON ADR,Account 1,8/23/10,8/26/10,SELL,"-1,600.00",34.03,"-54,415.08",USD
ISIN,US71654V4086,PETROLEO BRASILEIRO-SPON ADR,Account 1,8/31/10,9/3/10,SELL,"-30,784.00",33.25,"-1,023,512.59",USD
ISIN,US71654V4086,PETROLEO BRASILEIRO-SPON ADR,Account 1,8/31/10,9/3/10,SELL,"-29,227.00",33.25,"-971,745.14",USD
ISIN,US71654V4086,PETROLEO BRASILEIRO-SPON ADR,Account 1,8/31/10,9/3/10,SELL,"-44,689.00",33.25,"-1,485,828.81",USD
ISIN,US71654V4086,PETROLEO BRASILEIRO-SPON ADR,Account 1,9/1/10,9/7/10,BUY,"12,957.00",34.57,"448,137.28",USD
ISIN,US71654V4086,PETROLEO BRASILEIRO-SPON ADR,Account 1,9/7/10,9/10/10,SELL,"-5,900.00",36.68,"-216,280.31",USD
ISIN,US71654V4086,PETROLEO BRASILEIRO-SPON ADR,Account 1,9/24/10,9/29/10,BUY,"211,900.00",34.49,"7,308,431.00",USD
ISIN,US71654V4086,PETROLEO BRASILEIRO-SPON ADR,Account 1,9/29/10,10/4/10,BUY,"81,700.00",35.72,"2,919,958.00",USD
ISIN,US71654V4086,PETROLEO BRASILEIRO-SPON ADR,Account 1,9/29/10,10/4/10,BUY,700.00,35.78,"25,060.42",USD
ISIN,US71654V4086,PETROLEO BRASILEIRO-SPON ADR,Account 1,9/30/10,10/5/10,SELL,"-5,500.00",36.27,"-199,371.63",USD
ISIN,US71654V4086,PETROLEO BRASILEIRO-SPON ADR,Account 1,10/6/10,10/12/10,BUY,"5,500.00",35.74,"196,679.45",USD
ISIN,US71654V4086,PETROLEO BRASILEIRO-SPON ADR,Account 1,10/29/10,11/3/10,SELL,"-1,100.00",34.12,"-37,509.37",USD
ISIN,US71654V4086,PETROLEO BRASILEIRO-SPON ADR,Account 1,11/3/10,11/8/10,BUY,"22,900.00",34.56,"792,601.06",USD
ISIN,US71654V4086,PETROLEO BRASILEIRO-SPON ADR,Account 1,11/23/10,11/29/10,SELL,"-6,330.00",32.01,"-202,313.51",USD
ISIN,US71654V4086,PETROLEO BRASILEIRO-SPON ADR,Account 1,11/30/10,12/3/10,SELL,"-16,077.00",32.45,"-521,763.78",USD
ISIN,US71654V4086,PETROLEO BRASILEIRO-SPON ADR,Account 1,11/30/10,12/3/10,SELL,"-3,673.00",32.44,"-119,076.65",USD
ISIN,US71654V4086,PETROLEO BRASILEIRO-SPON ADR,Account 1,11/30/10,12/3/10,SELL,"-23,200.00",31.83,"-738,396.42",USD
ISIN,US71654V4086,PETROLEO BRASILEIRO-SPON ADR,Account 1,1/3/11,1/6/11,BUY,"1,652.00",37.60,"62,141.96",USD
ISIN,US71654V4086,PETROLEO BRASILEIRO-SPON ADR,Account 1,1/31/11,2/3/11,SELL,"-3,000.00",35.92,"-107,747.93",USD
ISIN,US71654V4086,PETROLEO BRASILEIRO-SPON ADR,Account 1,2/28/11,3/3/11,BUY,"40,600.00",39.82,"1,616,604.79",USD
ISIN,US71654V4086,PETROLEO BRASILEIRO-SPON ADR,Account 1,2/28/11,3/3/11,BUY,"2,921.00",39.83,"116,401.85",USD
ISIN,US71654V4086,PETROLEO BRASILEIRO-SPON ADR,Account 1,3/7/11,3/10/11,BUY,"1,300.00",42.03,"54,668.91",USD
ISIN,US71654V4086,PETROLEO BRASILEIRO-SPON ADR,Account 1,3/22/11,3/25/11,SELL,"-114,328.00",39.90,"-4,560,124.78",USD
ISIN,US71654V4086,PETROLEO BRASILEIRO-SPON ADR,Account 1,3/22/11,3/25/11,SELL,"-45,672.00",39.89,"-1,821,833.24",USD
ISIN,US71654V4086,PETROLEO BRASILEIRO-SPON ADR,Account 1,3/31/11,4/5/11,SELL,"-18,500.00",40.43,"-747,570.64",USD
ISIN,US71654V4086,PETROLEO BRASILEIRO-SPON ADR,Account 1,3/31/11,4/5/11,SELL,"-47,469.00",40.64,"-1,927,185.37",USD
ISIN,US71654V4086,PETROLEO BRASILEIRO-SPON ADR,Account 1,4/29/11,5/4/11,BUY,"2,400.00",37.33,"89,700.00",USD
ISIN,US71654V4086,PETROLEO BRASILEIRO-SPON ADR,Account 1,5/31/11,6/3/11,SELL,-843.00,34.63,"-29,193.09",USD
ISIN,US71654V4086,PETROLEO BRASILEIRO-SPON ADR,Account 1,5/31/11,6/3/11,SELL,-230.00,34.63,"-7,964.90",USD
ISIN,US71654V4086,PETROLEO BRASILEIRO-SPON ADR,Account 1,5/31/11,6/3/11,SELL,-127.00,34.63,"-4,398.01",USD
ISIN,US71654V4086,PETROLEO BRASILEIRO-SPON ADR,Account 1,6/20/11,6/23/11,SELL,"-8,412.00",32.32,"-271,449.18",USD
ISIN,US71654V4086,PETROLEO BRASILEIRO-SPON ADR,Account 1,6/30/11,7/6/11,BUY,"6,300.00",33.86,"213,601.50",USD
ISIN,US71654V4086,PETROLEO BRASILEIRO-SPON ADR,Account 1,7/11/11,7/14/11,SELL,"-3,938.00",32.74,"-128,731.13",USD
ISIN,US71654V4086,PETROLEO BRASILEIRO-SPON ADR,Account 1,7/18/11,7/21/11,SELL,"-8,293.00",32.32,"-267,608.30",USD
ISIN,US71654V4086,PETROLEO BRASILEIRO-SPON ADR,Account 1,7/29/11,8/3/11,BUY,200.00,33.97,"6,794.00",USD
ISIN,US71654V4086,PETROLEO BRASILEIRO-SPON ADR,Account 1,8/1/11,8/4/11,SELL,"-5,411.00",33.97,"-183,533.80",USD
ISIN,US71654V4086,PETROLEO BRASILEIRO-SPON ADR,Account 1,8/4/11,8/9/11,SELL,"-2,333.00",31.25,"-72,791.00",USD
ISIN,US71654V4086,PETROLEO BRASILEIRO-SPON ADR,Account 1,8/31/11,9/6/11,BUY,"54,000.00",29.01,"1,569,132.00",USD
ISIN,US71654V4086,PETROLEO BRASILEIRO-SPON ADR,Account 1,8/31/11,9/6/11,BUY,"7,200.00",29.01,"209,217.60",USD
ISIN,US71654V4086,PETROLEO BRASILEIRO-SPON ADR,Account 1,9/1/11,9/7/11,BUY,"16,300.00",29.05,"474,178.41",USD
ISIN,US71654V4086,PETROLEO BRASILEIRO-SPON ADR,Account 1,9/2/11,9/8/11,BUY,300.00,28.03,"8,422.95",USD
ISIN,US71654V4086,PETROLEO BRASILEIRO-SPON ADR,Account 1,9/7/11,9/12/11,SELL,-200.00,27.85,"-5,560.57",USD
ISIN,US71654V4086,PETROLEO BRASILEIRO-SPON ADR,Account 1,9/28/11,10/3/11,BUY,"11,500.00",23.45,"270,161.45",USD
ISIN,US71654V4086,PETROLEO BRASILEIRO-SPON ADR,Account 1,9/30/11,10/5/11,BUY,"2,700.00",22.45,"60,750.00",USD
ISIN,US71654V4086,PETROLEO BRASILEIRO-SPON ADR,Account 1,9/30/11,10/5/11,BUY,"66,100.00",22.44,"1,484,698.54",USD
ISIN,US71654V4086,PETROLEO BRASILEIRO-SPON ADR,Account 1,10/3/11,10/6/11,BUY,"34,200.00",21.98,"753,118.20",USD
ISIN,US71654V4086,PETROLEO BRASILEIRO-SPON ADR,Account 1,10/6/11,10/12/11,BUY,700.00,23.33,"16,362.50",USD
ISIN,US71654V4086,PETROLEO BRASILEIRO-SPON ADR,Account 1,10/6/11,10/12/11,BUY,"4,800.00",23.33,"112,200.00",USD
ISIN,US71654V4086,PETROLEO BRASILEIRO-SPON ADR,Account 1,10/7/11,10/13/11,SELL,"-9,716.00",23.41,"-226,998.31",USD
ISIN,US71654V4086,PETROLEO BRASILEIRO-SPON ADR,Account 1,10/24/11,10/27/11,BUY,200.00,24.86,"4,981.00",USD
ISIN,US71654V4086,PETROLEO BRASILEIRO-SPON ADR,Account 1,10/31/11,11/3/11,SELL,"-58,700.00",27.01,"-1,582,815.06",USD
ISIN,US71654V4086,PETROLEO BRASILEIRO-SPON ADR,Account 1,10/31/11,11/3/11,SELL,"-9,600.00",27.01,"-258,859.02",USD
ISIN,US71654V4086,PETROLEO BRASILEIRO-SPON ADR,Account 1,11/8/11,11/14/11,SELL,-300.00,28.44,"-8,518.34",USD
ISIN,US71654V4086,PETROLEO BRASILEIRO-SPON ADR,Account 1,11/30/11,12/5/11,BUY,"5,400.00",26.98,"145,708.11",USD
ISIN,US71654V4086,PETROLEO BRASILEIRO-SPON ADR,Account 1,11/30/11,12/5/11,SELL,"-2,000.00",26.99,"-53,980.00",USD
ISIN,US71654V4086,PETROLEO BRASILEIRO-SPON ADR,Account 1,12/1/11,12/6/11,SELL,"-1,363.00",27.49,"-37,440.75",USD
ISIN,US71654V4086,PETROLEO BRASILEIRO-SPON ADR,Account 1,12/7/11,12/12/11,SELL,-300.00,28.16,"-8,441.84",USD
ISIN,US71654V4086,PETROLEO BRASILEIRO-SPON ADR,Account 1,12/30/11,1/5/12,SELL,"-2,600.00",24.85,"-64,491.76",USD
ISIN,US71654V4086,PETROLEO BRASILEIRO-SPON ADR,Account 1,1/25/12,1/30/12,SELL,"-1,434.00",31.30,"-44,813.93",USD
ISIN,US71654V4086,PETROLEO BRASILEIRO-SPON ADR,Account 1,1/31/12,2/3/12,SELL,"-24,300.00",30.56,"-741,998.39",USD
ISIN,US71654V4086,PETROLEO BRASILEIRO-SPON ADR,Account 1,1/31/12,2/3/12,SELL,"-1,900.00",30.55,"-58,015.39",USD
ISIN,US71654V4086,PETROLEO BRASILEIRO-SPON ADR,Account 1,2/29/12,3/5/12,BUY,200.00,29.84,"5,968.00",USD
ISIN,US71654V4086,PETROLEO BRASILEIRO-SPON ADR,Account 1,2/29/12,3/5/12,BUY,500.00,29.84,"14,920.00",USD
ISIN,US71654V4086,PETROLEO BRASILEIRO-SPON ADR,Account 1,3/21/12,3/26/12,SELL,"-15,934.00",27.22,"-433,723.48",USD
ISIN,US71654V4086,PETROLEO BRASILEIRO-SPON ADR,Account 1,3/21/12,3/26/12,SELL,"-2,400.00",27.22,"-65,328.00",USD
ISIN,US71654V4086,PETROLEO BRASILEIRO-SPON ADR,Account 1,3/21/12,3/26/12,SELL,"-26,608.00",27.22,"-723,857.60",USD
ISIN,US71654V4086,PETROLEO BRASILEIRO-SPON ADR,Account 1,3/22/12,3/27/12,TRANSFER,"17,394.00",0.00,0.00,USD
ISIN,US71654V4086,PETROLEO BRASILEIRO-SPON ADR,Account 1,3/22/12,3/27/12,TRANSFER,"-17,394.00",0.00,0.00,USD
ISIN,US71654V4086,PETROLEO BRASILEIRO-SPON ADR,Account 1,3/22/12,3/27/12,TRANSFER,"-17,394.00",0.00,0.00,USD
ISIN,US71654V4086,PETROLEO BRASILEIRO-SPON ADR,Account 1,3/22/12,3/27/12,TRANSFER,"17,394.00",0.00,0.00,USD
ISIN,US71654V4086,PETROLEO BRASILEIRO-SPON ADR,Account 1,3/22/12,3/27/12,TRANSFER,"-7,200.00",0.00,0.00,USD
ISIN,US71654V4086,PETROLEO BRASILEIRO-SPON ADR,Account 1,3/22/12,3/27/12,TRANSFER,"7,200.00",0.00,0.00,USD
ISIN,US71654V4086,PETROLEO BRASILEIRO-SPON ADR,Account 1,3/22/12,3/27/12,TRANSFER,"93,378.00",0.00,0.00,USD
ISIN,US71654V4086,PETROLEO BRASILEIRO-SPON ADR,Account 1,3/22/12,3/27/12,TRANSFER,"-93,378.00",0.00,0.00,USD
ISIN,US71654V4086,PETROLEO BRASILEIRO-SPON ADR,Account 1,3/22/12,3/27/12,ADDITION/WITHDRAWAL,"17,394.00",27.10,"471,317.60",USD
ISIN,US71654V4086,PETROLEO BRASILEIRO-SPON ADR,Account 1,3/22/12,3/27/12,TRANSFER,"51,390.00",0.00,0.00,USD
ISIN,US71654V4086,PETROLEO BRASILEIRO-SPON ADR,Account 1,3/22/12,3/27/12,TRANSFER,"-51,390.00",0.00,0.00,USD
ISIN,US71654V4086,PETROLEO BRASILEIRO-SPON ADR,Account 1,3/22/12,3/27/12,ADDITION/WITHDRAWAL,"17,394.00",27.10,"471,317.60",USD
ISIN,US71654V4086,PETROLEO BRASILEIRO-SPON ADR,Account 1,3/22/12,3/27/12,ADDITION/WITHDRAWAL,"51,390.00",27.10,"1,392,492.34",USD
ISIN,US71654V4086,PETROLEO BRASILEIRO-SPON ADR,Account 1,3/22/12,3/27/12,ADDITION/WITHDRAWAL,"7,200.00",27.10,"195,095.25",USD
ISIN,US71654V4086,PETROLEO BRASILEIRO-SPON ADR,Account 1,3/23/12,3/28/12,BUY,"34,243.00",26.95,"924,697.97",USD
ISIN,US71654V4086,PETROLEO BRASILEIRO-SPON ADR,Account 1,3/26/12,3/29/12,BUY,"26,974.00",27.40,"740,398.54",USD
ISIN,US71654V4086,PETROLEO BRASILEIRO-SPON ADR,Account 1,3/30/12,4/4/12,SELL,"-4,868.00",26.51,"-128,961.14",USD
ISIN,US71654V4086,PETROLEO BRASILEIRO-SPON ADR,Account 1,3/30/12,4/4/12,BUY,"1,600.00",26.56,"42,520.00",USD
ISIN,US71654V4086,PETROLEO BRASILEIRO-SPON ADR,Account 1,4/2/12,4/5/12,BUY,"8,034.00",26.65,"214,511.82",USD
ISIN,US71654V4086,PETROLEO BRASILEIRO-SPON ADR,Account 1,4/24/12,4/27/12,BUY,"16,817.00",23.53,"396,620.54",USD
ISIN,US71654V4086,PETROLEO BRASILEIRO-SPON ADR,Account 1,4/25/12,4/30/12,BUY,"8,093.00",23.74,"192,561.60",USD
ISIN,US71654V4086,PETROLEO BRASILEIRO-SPON ADR,Account 1,4/30/12,5/3/12,SELL,-300.00,23.54,"-7,062.00",USD
ISIN,US71654V4086,PETROLEO BRASILEIRO-SPON ADR,Account 1,5/15/12,5/18/12,SELL,"-6,828.00",19.74,"-134,468.29",USD
ISIN,US71654V4086,PETROLEO BRASILEIRO-SPON ADR,Account 1,5/30/12,6/4/12,BUY,"16,401.00",19.26,"316,160.44",USD
ISIN,US71654V4086,PETROLEO BRASILEIRO-SPON ADR,Account 1,5/31/12,6/5/12,BUY,"76,051.00",19.54,"1,487,504.33",USD
ISIN,US71654V4086,PETROLEO BRASILEIRO-SPON ADR,Account 1,5/31/12,6/5/12,BUY,"7,600.00",19.55,"148,597.13",USD
ISIN,US71654V4086,PETROLEO BRASILEIRO-SPON ADR,Account 1,6/1/12,6/6/12,BUY,"43,673.00",19.22,"841,425.86",USD
ISIN,US71654V4086,PETROLEO BRASILEIRO-SPON ADR,Account 1,6/4/12,6/7/12,BUY,"59,630.00",19.49,"1,164,979.38",USD
ISIN,US71654V4086,PETROLEO BRASILEIRO-SPON ADR,Account 1,6/5/12,6/8/12,BUY,"14,544.00",19.62,"286,055.76",USD
ISIN,US71654V4086,PETROLEO BRASILEIRO-SPON ADR,Account 1,6/6/12,6/11/12,BUY,"32,875.00",19.89,"655,251.36",USD
ISIN,US71654V4086,PETROLEO BRASILEIRO-SPON ADR,Account 1,6/6/12,6/11/12,BUY,"4,800.00",19.89,"95,671.68",USD
ISIN,US71654V4086,PETROLEO BRASILEIRO-SPON ADR,Account 1,6/14/12,6/19/12,BUY,"3,597.00",18.45,"66,535.51",USD
ISIN,US71654V4086,PETROLEO BRASILEIRO-SPON ADR,Account 1,6/29/12,7/5/12,SELL,"-3,300.00",18.77,"-61,941.00",USD
ISIN,US71654V4086,PETROLEO BRASILEIRO-SPON ADR,Account 1,7/31/12,8/3/12,SELL,"-1,100.00",19.63,"-21,570.52",USD
ISIN,US71654V4086,PETROLEO BRASILEIRO-SPON ADR,Account 1,7/31/12,8/3/12,SELL,"-82,075.00",19.63,"-1,607,402.78",USD
ISIN,US71654V4086,PETROLEO BRASILEIRO-SPON ADR,Account 1,8/31/12,9/6/12,SELL,-900.00,21.14,"-18,985.07",USD
ISIN,US71654V4086,PETROLEO BRASILEIRO-SPON ADR,Account 1,9/19/12,9/24/12,SELL,"-20,500.00",23.21,"-475,805.00",USD
ISIN,US71654V4086,PETROLEO BRASILEIRO-SPON ADR,Account 1,9/19/12,9/24/12,SELL,"-14,109.00",23.21,"-327,250.91",USD
ISIN,US71654V4086,PETROLEO BRASILEIRO-SPON ADR,Account 1,9/19/12,9/24/12,SELL,"-4,800.00",23.21,"-111,408.00",USD
ISIN,US71654V4086,PETROLEO BRASILEIRO-SPON ADR,Account 1,9/28/12,10/3/12,BUY,100.00,22.94,"2,294.00",USD
ISIN,US71654V4086,PETROLEO BRASILEIRO-SPON ADR,Account 1,10/31/12,11/5/12,BUY,"4,200.00",21.21,"89,271.00",USD
ISIN,US71654V4086,PETROLEO BRASILEIRO-SPON ADR,Account 1,11/23/12,11/28/12,BUY,"18,308.00",18.58,"341,091.41",USD
ISIN,US71654V4086,PETROLEO BRASILEIRO-SPON ADR,Account 1,11/30/12,12/5/12,BUY,"2,500.00",17.96,"44,910.63",USD
ISIN,US71654V4086,PETROLEO BRASILEIRO-SPON ADR,Account 1,11/30/12,12/5/12,SELL,"-70,817.00",18.03,"-1,273,317.70",USD
ISIN,US71654V4086,PETROLEO BRASILEIRO-SPON ADR,Account 1,12/19/12,12/24/12,BUY,"8,616.00",20.20,"174,467.97",USD
ISIN,US71654V4086,PETROLEO BRASILEIRO-SPON ADR,Account 1,12/20/12,12/26/12,BUY,"1,781.00",20.33,"36,289.48",USD
ISIN,US71654V4086,PETROLEO BRASILEIRO-SPON ADR,Account 1,12/28/12,1/3/13,SELL,-900.00,19.07,"-17,122.12",USD
ISIN,US71654V4086,PETROLEO BRASILEIRO-SPON ADR,Account 1,1/16/13,1/22/13,BUY,"44,795.00",19.68,"883,626.17",USD
ISIN,US71654V4086,PETROLEO BRASILEIRO-SPON ADR,Account 1,1/31/13,2/5/13,SELL,"-3,000.00",18.28,"-54,703.77",USD
ISIN,US71654V4086,PETROLEO BRASILEIRO-SPON ADR,Account 1,2/5/13,2/8/13,SELL,"-22,663.00",16.77,"-378,932.71",USD
ISIN,US71654V4086,PETROLEO BRASILEIRO-SPON ADR,Account 1,2/20/13,2/25/13,BUY,"7,050.00",16.02,"113,272.61",USD
ISIN,US71654V4086,PETROLEO BRASILEIRO-SPON ADR,Account 1,2/28/13,3/5/13,BUY,"2,100.00",14.67,"30,901.50",USD
ISIN,US71654V4086,PETROLEO BRASILEIRO-SPON ADR,Account 1,3/18/13,3/21/13,SELL,"-33,130.00",17.62,"-581,920.44",USD
ISIN,US71654V4086,PETROLEO BRASILEIRO-SPON ADR,Account 1,3/21/13,3/26/13,BUY,"3,900.00",16.88,"65,890.50",USD
ISIN,US71654V4086,PETROLEO BRASILEIRO-SPON ADR,Account 1,3/25/13,3/28/13,SELL,"-9,422.00",16.86,"-158,343.51",USD
ISIN,US71654V4086,PETROLEO BRASILEIRO-SPON ADR,Account 1,3/28/13,4/3/13,SELL,-200.00,16.57,"-3,310.92",USD
ISIN,US71654V4086,PETROLEO BRASILEIRO-SPON ADR,Account 1,4/5/13,4/10/13,SELL,"-29,938.00",16.19,"-483,065.72",USD
ISIN,US71654V4086,PETROLEO BRASILEIRO-SPON ADR,Account 1,4/23/13,4/26/13,SELL,"-2,500.00",16.84,"-42,063.06",USD
ISIN,US71654V4086,PETROLEO BRASILEIRO-SPON ADR,Account 1,4/29/13,5/2/13,SELL,"-5,427.00",19.10,"-103,380.94",USD
ISIN,US71654V4086,PETROLEO BRASILEIRO-SPON ADR,Account 1,4/30/13,5/3/13,BUY,"28,100.00",19.02,"534,993.09",USD
ISIN,US71654V4086,PETROLEO BRASILEIRO-SPON ADR,Account 1,4/30/13,5/3/13,BUY,"2,200.00",19.15,"42,163.00",USD
ISIN,US71654V4086,PETROLEO BRASILEIRO-SPON ADR,Account 1,5/17/13,5/22/13,SELL,"-22,598.00",18.76,"-422,710.96",USD
ISIN,US71654V4086,PETROLEO BRASILEIRO-SPON ADR,Account 1,5/22/13,5/28/13,SELL,"-11,000.00",18.44,"-202,632.97",USD
ISIN,US71654V4086,PETROLEO BRASILEIRO-SPON ADR,Account 1,5/31/13,6/5/13,BUY,500.00,17.77,"8,885.00",USD
ISIN,US71654V4086,PETROLEO BRASILEIRO-SPON ADR,Account 1,5/31/13,6/5/13,BUY,"10,200.00",17.76,"181,164.24",USD
ISIN,US71654V4086,PETROLEO BRASILEIRO-SPON ADR,Account 1,6/28/13,7/3/13,BUY,"2,200.00",13.42,"29,557.00",USD
ISIN,US71654V4086,PETROLEO BRASILEIRO-SPON ADR,Account 1,6/28/13,7/3/13,BUY,"103,500.00",13.42,"1,390,522.50",USD
ISIN,US71654V4086,PETROLEO BRASILEIRO-SPON ADR,Account 1,7/31/13,8/5/13,SELL,"-16,900.00",13.64,"-230,516.00",USD
ISIN,US71654V4086,PETROLEO BRASILEIRO-SPON ADR,Account 1,7/31/13,8/5/13,SELL,"-2,800.00",13.64,"-38,192.00",USD
ISIN,US71654V4086,PETROLEO BRASILEIRO-SPON ADR,Account 1,8/14/13,8/19/13,SELL,"-13,137.00",13.83,"-180,959.02",USD
ISIN,US71654V4086,PETROLEO BRASILEIRO-SPON ADR,Account 1,8/29/13,9/4/13,SELL,"-6,730.00",13.82,"-92,877.09",USD
ISIN,US71654V4086,PETROLEO BRASILEIRO-SPON ADR,Account 1,8/30/13,9/5/13,SELL,-776.00,13.52,"-10,491.52",USD
ISIN,US71654V4086,PETROLEO BRASILEIRO-SPON ADR,Account 1,8/30/13,9/5/13,BUY,"4,900.00",13.49,"66,169.60",USD
ISIN,US71654V4086,PETROLEO BRASILEIRO-SPON ADR,Account 1,8/30/13,9/5/13,SELL,-324.00,13.52,"-4,380.48",USD
ISIN,US71654V4086,PETROLEO BRASILEIRO-SPON ADR,Account 1,9/30/13,10/3/13,SELL,"-5,800.00",15.48,"-89,704.71",USD
ISIN,US71654V4086,PETROLEO BRASILEIRO-SPON ADR,Account 1,10/21/13,10/24/13,SELL,"-3,847.00",16.30,"-62,512.66",USD
ISIN,US71654V4086,PETROLEO BRASILEIRO-SPON ADR,Account 1,10/22/13,10/25/13,SELL,"-12,971.00",16.21,"-209,545.17",USD
ISIN,US71654V4086,PETROLEO BRASILEIRO-SPON ADR,Account 1,10/24/13,10/29/13,SELL,"-6,914.00",15.51,"-107,247.89",USD
ISIN,US71654V4086,PETROLEO BRASILEIRO-SPON ADR,Account 1,10/24/13,10/29/13,SELL,"-54,186.00",15.51,"-837,906.84",USD
ISIN,US71654V4086,PETROLEO BRASILEIRO-SPON ADR,Account 1,10/31/13,11/5/13,SELL,"-4,300.00",17.43,"-74,949.00",USD
ISIN,US71654V4086,PETROLEO BRASILEIRO-SPON ADR,Account 1,11/26/13,12/2/13,SELL,"-2,640.00",15.97,"-42,160.80",USD
ISIN,US71654V4086,PETROLEO BRASILEIRO-SPON ADR,Account 1,11/26/13,12/2/13,SELL,"-3,960.00",15.97,"-63,241.20",USD
ISIN,US71654V4086,PETROLEO BRASILEIRO-SPON ADR,Account 1,11/27/13,12/3/13,BUY,"7,400.00",15.78,"116,883.00",USD
ISIN,US71654V4086,PETROLEO BRASILEIRO-SPON ADR,Account 1,11/29/13,12/4/13,BUY,"8,300.00",15.94,"132,426.50",USD
ISIN,US71654V4086,PETROLEO BRASILEIRO-SPON ADR,Account 1,12/2/13,12/5/13,SELL,"-10,583.00",14.19,"-149,663.22",USD
ISIN,US71654V4086,PETROLEO BRASILEIRO-SPON ADR,Account 1,12/3/13,12/6/13,SELL,"-12,485.00",14.10,"-175,428.37",USD
ISIN,US71654V4086,PETROLEO BRASILEIRO-SPON ADR,Account 1,12/12/13,12/17/13,SELL,"-14,897.00",13.44,"-199,443.50",USD
ISIN,US71654V4086,PETROLEO BRASILEIRO-SPON ADR,Account 1,12/20/13,12/26/13,SELL,"-14,145.00",13.33,"-187,879.10",USD
ISIN,US71654V4086,PETROLEO BRASILEIRO-SPON ADR,Account 1,12/27/13,1/2/14,BUY,"13,400.00",13.56,"181,913.04",USD
ISIN,US71654V4086,PETROLEO BRASILEIRO-SPON ADR,Account 1,12/30/13,1/3/14,BUY,"18,100.00",13.66,"247,517.50",USD
ISIN,US71654V4086,PETROLEO BRASILEIRO-SPON ADR,Account 1,1/10/14,1/15/14,BUY,200.00,12.84,"2,577.00",USD
ISIN,US71654V4086,PETROLEO BRASILEIRO-SPON ADR,Account 1,1/15/14,1/21/14,SELL,"-22,900.00",12.74,"-290,486.01",USD
ISIN,US71654V4086,PETROLEO BRASILEIRO-SPON ADR,Account 1,1/16/14,1/22/14,SELL,"-7,399.00",12.54,"-92,390.44",USD
ISIN,US71654V4086,PETROLEO BRASILEIRO-SPON ADR,Account 1,2/3/14,2/6/14,ADDITION/WITHDRAWAL,"-163,149.00",11.37,"-1,855,282.62",USD
ISIN,US71654V4086,PETROLEO BRASILEIRO-SPON ADR,Account 1,2/3/14,2/6/14,ADDITION/WITHDRAWAL,"-124,907.00",11.37,"-1,420,405.80",USD
ISIN,US71654V4086,PETROLEO BRASILEIRO-SPON ADR,Account 1,2/3/14,2/6/14,ADDITION/WITHDRAWAL,"-66,360.00",11.37,"-754,626.48",USD
ISIN,US71654V4086,PETROLEO BRASILEIRO-SPON ADR,Account 1,2/3/14,2/6/14,ADDITION/WITHDRAWAL,"-33,540.00",11.37,"-381,407.05",USD
ISIN,US71654V4086,PETROLEO BRASILEIRO-SPON ADR,Account 1,2/3/14,2/6/14,ADDITION/WITHDRAWAL,"-571,662.00",11.37,"-6,500,772.76",USD
ISIN,US71654V4086,PETROLEO BRASILEIRO-SPON ADR,Account 1,2/3/14,2/6/14,ADDITION/WITHDRAWAL,"-75,801.00",11.37,"-861,986.76",USD
ISIN,US71654V4086,PETROLEO BRASILEIRO-SPON ADR,Account 1,2/3/14,2/6/14,ADDITION/WITHDRAWAL,"-196,363.00",11.37,"-2,232,982.50",USD
ISIN,US71654V4086,PETROLEO BRASILEIRO-SPON ADR,Account 2,5/26/10,6/1/10,BUY,"156,700.00",33.54,"5,255,702.33",USD
ISIN,US71654V4086,PETROLEO BRASILEIRO-SPON ADR,Account 2,5/28/10,6/3/10,BUY,"9,000.00",35.62,"320,760.00",USD
ISIN,US71654V4086,PETROLEO BRASILEIRO-SPON ADR,Account 2,6/1/10,6/4/10,BUY,"29,200.00",36.35,"1,062,816.99",USD
ISIN,US71654V4086,PETROLEO BRASILEIRO-SPON ADR,Account 2,6/4/10,6/9/10,BUY,600.00,37.12,"22,283.97",USD
ISIN,US71654V4086,PETROLEO BRASILEIRO-SPON ADR,Account 2,6/9/10,6/14/10,TRANSFER,"-95,300.00",0.00,0.00,USD
ISIN,US71654V4086,PETROLEO BRASILEIRO-SPON ADR,Account 2,6/9/10,6/14/10,TRANSFER,"95,300.00",0.00,0.00,USD
ISIN,US71654V4086,PETROLEO BRASILEIRO-SPON ADR,Account 2,6/9/10,6/14/10,TRANSFER,"747,983.00",0.00,0.00,USD
ISIN,US71654V4086,PETROLEO BRASILEIRO-SPON ADR,Account 2,6/9/10,6/14/10,TRANSFER,"-747,983.00",0.00,0.00,USD
ISIN,US71654V4086,PETROLEO BRASILEIRO-SPON ADR,Account 2,6/9/10,6/14/10,TRANSFER,"304,374.00",0.00,0.00,USD
ISIN,US71654V4086,PETROLEO BRASILEIRO-SPON ADR,Account 2,6/9/10,6/14/10,TRANSFER,"-304,374.00",0.00,0.00,USD
ISIN,US71654V4086,PETROLEO BRASILEIRO-SPON ADR,Account 2,6/9/10,6/14/10,TRANSFER,"940,373.00",0.00,0.00,USD
ISIN,US71654V4086,PETROLEO BRASILEIRO-SPON ADR,Account 2,6/9/10,6/14/10,TRANSFER,"-940,373.00",0.00,0.00,USD
ISIN,US71654V4086,PETROLEO BRASILEIRO-SPON ADR,Account 2,6/9/10,6/14/10,TRANSFER,"-893,499.00",0.00,0.00,USD
ISIN,US71654V4086,PETROLEO BRASILEIRO-SPON ADR,Account 2,6/9/10,6/14/10,TRANSFER,"893,499.00",0.00,0.00,USD
ISIN,US71654V4086,PETROLEO BRASILEIRO-SPON ADR,Account 2,6/9/10,6/14/10,TRANSFER,"-134,967.00",0.00,0.00,USD
ISIN,US71654V4086,PETROLEO BRASILEIRO-SPON ADR,Account 2,6/9/10,6/14/10,TRANSFER,"134,967.00",0.00,0.00,USD
ISIN,US71654V4086,PETROLEO BRASILEIRO-SPON ADR,Account 2,6/30/10,7/6/10,BUY,"7,100.00",34.32,"243,814.00",USD
ISIN,US71654V4086,PETROLEO BRASILEIRO-SPON ADR,Account 2,6/30/10,7/6/10,BUY,"12,500.00",34.32,"429,250.00",USD
ISIN,US71654V4086,PETROLEO BRASILEIRO-SPON ADR,Account 2,6/30/10,7/6/10,BUY,"2,100.00",34.40,"72,233.01",USD
ISIN,US71654V4086,PETROLEO BRASILEIRO-SPON ADR,Account 2,7/30/10,8/4/10,SELL,"-5,090.00",36.40,"-185,171.07",USD
ISIN,US71654V4086,PETROLEO BRASILEIRO-SPON ADR,Account 2,7/30/10,8/4/10,SELL,"-4,010.00",36.40,"-145,964.00",USD
ISIN,US71654V4086,PETROLEO BRASILEIRO-SPON ADR,Account 2,8/23/10,8/26/10,SELL,"-5,700.00",34.03,"-193,853.72",USD
ISIN,US71654V4086,PETROLEO BRASILEIRO-SPON ADR,Account 2,8/31/10,9/3/10,BUY,"30,784.00",33.25,"1,023,512.59",USD
ISIN,US71654V4086,PETROLEO BRASILEIRO-SPON ADR,Account 2,8/31/10,9/3/10,BUY,"44,689.00",33.25,"1,485,828.81",USD
ISIN,US71654V4086,PETROLEO BRASILEIRO-SPON ADR,Account 2,8/31/10,9/3/10,BUY,"487,100.00",33.34,"16,247,547.79",USD
ISIN,US71654V4086,PETROLEO BRASILEIRO-SPON ADR,Account 2,8/31/10,9/3/10,BUY,"29,227.00",33.25,"971,745.14",USD
ISIN,US71654V4086,PETROLEO BRASILEIRO-SPON ADR,Account 2,9/1/10,9/7/10,BUY,"47,530.00",34.57,"1,643,896.35",USD
ISIN,US71654V4086,PETROLEO BRASILEIRO-SPON ADR,Account 2,9/7/10,9/10/10,SELL,"-20,400.00",36.68,"-747,816.67",USD
ISIN,US71654V4086,PETROLEO BRASILEIRO-SPON ADR,Account 2,9/24/10,9/29/10,BUY,"899,900.00",34.49,"31,037,551.00",USD
ISIN,US71654V4086,PETROLEO BRASILEIRO-SPON ADR,Account 2,9/29/10,10/4/10,BUY,"13,400.00",35.78,"479,728.04",USD
ISIN,US71654V4086,PETROLEO BRASILEIRO-SPON ADR,Account 2,9/29/10,10/4/10,BUY,"312,100.00",35.72,"11,154,454.00",USD
ISIN,US71654V4086,PETROLEO BRASILEIRO-SPON ADR,Account 2,9/30/10,10/5/10,SELL,"-19,900.00",36.27,"-721,362.80",USD
ISIN,US71654V4086,PETROLEO BRASILEIRO-SPON ADR,Account 2,10/6/10,10/12/10,BUY,"20,600.00",35.74,"736,653.94",USD
ISIN,US71654V4086,PETROLEO BRASILEIRO-SPON ADR,Account 2,10/29/10,11/3/10,SELL,"-4,000.00",34.12,"-136,397.69",USD
ISIN,US71654V4086,PETROLEO BRASILEIRO-SPON ADR,Account 2,11/3/10,11/8/10,BUY,"100,700.00",34.56,"3,485,367.98",USD
ISIN,US71654V4086,PETROLEO BRASILEIRO-SPON ADR,Account 2,11/23/10,11/29/10,SELL,"-9,795.00",32.01,"-313,058.57",USD
ISIN,US71654V4086,PETROLEO BRASILEIRO-SPON ADR,Account 2,11/30/10,12/3/10,SELL,"-13,260.00",32.44,"-429,881.93",USD
ISIN,US71654V4086,PETROLEO BRASILEIRO-SPON ADR,Account 2,11/30/10,12/3/10,SELL,"-60,173.00",32.45,"-1,952,857.65",USD
ISIN,US71654V4086,PETROLEO BRASILEIRO-SPON ADR,Account 2,11/30/10,12/3/10,SELL,"-83,200.00",31.83,"-2,648,042.33",USD
ISIN,US71654V4086,PETROLEO BRASILEIRO-SPON ADR,Account 2,1/3/11,1/6/11,BUY,"5,887.00",37.60,"221,446.57",USD
ISIN,US71654V4086,PETROLEO BRASILEIRO-SPON ADR,Account 2,1/31/11,2/3/11,SELL,"-10,900.00",35.92,"-391,484.15",USD
ISIN,US71654V4086,PETROLEO BRASILEIRO-SPON ADR,Account 2,2/28/11,3/3/11,BUY,"3,500.00",39.82,"139,362.48",USD
ISIN,US71654V4086,PETROLEO BRASILEIRO-SPON ADR,Account 2,2/28/11,3/3/11,BUY,"10,473.00",39.83,"417,349.05",USD
ISIN,US71654V4086,PETROLEO BRASILEIRO-SPON ADR,Account 2,3/7/11,3/10/11,BUY,"5,100.00",42.03,"214,470.34",USD
ISIN,US71654V4086,PETROLEO BRASILEIRO-SPON ADR,Account 2,3/22/11,3/25/11,SELL,"-153,828.00",39.89,"-6,136,122.01",USD
ISIN,US71654V4086,PETROLEO BRASILEIRO-SPON ADR,Account 2,3/22/11,3/25/11,SELL,"-385,072.00",39.90,"-15,359,110.36",USD
ISIN,US71654V4086,PETROLEO BRASILEIRO-SPON ADR,Account 2,3/31/11,4/5/11,SELL,"-211,200.00",40.43,"-8,534,428.05",USD
ISIN,US71654V4086,PETROLEO BRASILEIRO-SPON ADR,Account 2,3/31/11,4/5/11,SELL,"-237,240.00",40.64,"-9,631,663.96",USD
ISIN,US71654V4086,PETROLEO BRASILEIRO-SPON ADR,Account 2,4/29/11,5/4/11,BUY,"9,300.00",37.33,"347,587.50",USD
ISIN,US71654V4086,PETROLEO BRASILEIRO-SPON ADR,Account 2,5/31/11,6/3/11,SELL,-300.00,34.63,"-10,389.00",USD
ISIN,US71654V4086,PETROLEO BRASILEIRO-SPON ADR,Account 2,6/20/11,6/23/11,SELL,"-37,216.00",32.32,"-1,200,933.51",USD
ISIN,US71654V4086,PETROLEO BRASILEIRO-SPON ADR,Account 2,6/30/11,7/6/11,BUY,"23,900.00",33.86,"810,329.50",USD
ISIN,US71654V4086,PETROLEO BRASILEIRO-SPON ADR,Account 2,7/11/11,7/14/11,SELL,"-17,427.00",32.74,"-569,679.42",USD
ISIN,US71654V4086,PETROLEO BRASILEIRO-SPON ADR,Account 2,7/18/11,7/21/11,SELL,"-37,028.00",32.32,"-1,194,863.17",USD
ISIN,US71654V4086,PETROLEO BRASILEIRO-SPON ADR,Account 2,7/29/11,8/3/11,BUY,800.00,33.97,"27,176.00",USD
ISIN,US71654V4086,PETROLEO BRASILEIRO-SPON ADR,Account 2,8/1/11,8/4/11,SELL,"-23,967.00",33.97,"-812,928.23",USD
ISIN,US71654V4086,PETROLEO BRASILEIRO-SPON ADR,Account 2,8/4/11,8/9/11,SELL,"-19,791.00",31.25,"-617,491.07",USD
ISIN,US71654V4086,PETROLEO BRASILEIRO-SPON ADR,Account 2,8/31/11,9/6/11,BUY,"26,900.00",29.01,"781,660.20",USD
ISIN,US71654V4086,PETROLEO BRASILEIRO-SPON ADR,Account 2,8/31/11,9/6/11,BUY,"207,500.00",29.01,"6,029,535.00",USD
ISIN,US71654V4086,PETROLEO BRASILEIRO-SPON ADR,Account 2,9/1/11,9/7/11,BUY,"75,200.00",29.05,"2,187,620.64",USD
ISIN,US71654V4086,PETROLEO BRASILEIRO-SPON ADR,Account 2,9/2/11,9/8/11,BUY,"1,000.00",28.03,"28,076.50",USD
ISIN,US71654V4086,PETROLEO BRASILEIRO-SPON ADR,Account 2,9/7/11,9/12/11,SELL,"-1,000.00",27.85,"-27,802.87",USD
ISIN,US71654V4086,PETROLEO BRASILEIRO-SPON ADR,Account 2,9/28/11,10/3/11,BUY,"43,200.00",23.45,"1,014,867.36",USD
ISIN,US71654V4086,PETROLEO BRASILEIRO-SPON ADR,Account 2,9/30/11,10/5/11,BUY,"296,800.00",22.44,"6,666,543.52",USD
ISIN,US71654V4086,PETROLEO BRASILEIRO-SPON ADR,Account 2,9/30/11,10/5/11,BUY,"10,000.00",22.45,"225,000.00",USD
ISIN,US71654V4086,PETROLEO BRASILEIRO-SPON ADR,Account 2,10/3/11,10/6/11,BUY,"71,000.00",21.98,"1,563,491.00",USD
ISIN,US71654V4086,PETROLEO BRASILEIRO-SPON ADR,Account 2,10/6/11,10/12/11,BUY,"16,800.00",23.33,"392,700.00",USD
ISIN,US71654V4086,PETROLEO BRASILEIRO-SPON ADR,Account 2,10/6/11,10/12/11,BUY,"2,400.00",23.33,"56,100.00",USD
ISIN,US71654V4086,PETROLEO BRASILEIRO-SPON ADR,Account 2,10/7/11,10/13/11,SELL,"-39,363.00",23.41,"-919,651.56",USD
ISIN,US71654V4086,PETROLEO BRASILEIRO-SPON ADR,Account 2,10/24/11,10/27/11,BUY,800.00,24.86,"19,924.00",USD
ISIN,US71654V4086,PETROLEO BRASILEIRO-SPON ADR,Account 2,10/31/11,11/3/11,SELL,"-35,900.00",27.01,"-968,024.88",USD
ISIN,US71654V4086,PETROLEO BRASILEIRO-SPON ADR,Account 2,10/31/11,11/3/11,SELL,"-257,000.00",27.01,"-6,929,871.72",USD
ISIN,US71654V4086,PETROLEO BRASILEIRO-SPON ADR,Account 2,11/8/11,11/14/11,SELL,-900.00,28.44,"-25,555.01",USD
ISIN,US71654V4086,PETROLEO BRASILEIRO-SPON ADR,Account 2,11/30/11,12/5/11,SELL,"-16,400.00",26.99,"-442,636.00",USD
ISIN,US71654V4086,PETROLEO BRASILEIRO-SPON ADR,Account 2,11/30/11,12/5/11,BUY,"20,700.00",26.98,"558,547.75",USD
ISIN,US71654V4086,PETROLEO BRASILEIRO-SPON ADR,Account 2,12/1/11,12/6/11,SELL,"-6,470.00",27.49,"-177,726.84",USD
ISIN,US71654V4086,PETROLEO BRASILEIRO-SPON ADR,Account 2,12/7/11,12/12/11,SELL,-900.00,28.16,"-25,325.51",USD
ISIN,US71654V4086,PETROLEO BRASILEIRO-SPON ADR,Account 2,12/30/11,1/5/12,SELL,"-9,700.00",24.85,"-240,603.87",USD
ISIN,US71654V4086,PETROLEO BRASILEIRO-SPON ADR,Account 2,1/25/12,1/30/12,SELL,"-6,949.00",31.30,"-217,163.19",USD
ISIN,US71654V4086,PETROLEO BRASILEIRO-SPON ADR,Account 2,1/31/12,2/3/12,SELL,"-7,000.00",30.55,"-213,740.89",USD
ISIN,US71654V4086,PETROLEO BRASILEIRO-SPON ADR,Account 2,1/31/12,2/3/12,SELL,"-84,100.00",30.56,"-2,567,986.21",USD
ISIN,US71654V4086,PETROLEO BRASILEIRO-SPON ADR,Account 2,2/29/12,3/5/12,BUY,500.00,29.84,"14,920.00",USD
ISIN,US71654V4086,PETROLEO BRASILEIRO-SPON ADR,Account 2,2/29/12,3/5/12,BUY,"1,900.00",29.84,"56,696.00",USD
ISIN,US71654V4086,PETROLEO BRASILEIRO-SPON ADR,Account 2,3/21/12,3/26/12,SELL,"-8,200.00",27.22,"-223,204.00",USD
ISIN,US71654V4086,PETROLEO BRASILEIRO-SPON ADR,Account 2,3/21/12,3/26/12,SELL,"-54,089.00",27.22,"-1,472,302.58",USD
ISIN,US71654V4086,PETROLEO BRASILEIRO-SPON ADR,Account 2,3/21/12,3/26/12,SELL,"-90,317.00",27.22,"-2,457,029.73",USD
ISIN,US71654V4086,PETROLEO BRASILEIRO-SPON ADR,Account 2,3/22/12,3/27/12,ADDITION/WITHDRAWAL,"-51,390.00",27.10,"-1,392,492.34",USD
ISIN,US71654V4086,PETROLEO BRASILEIRO-SPON ADR,Account 2,3/22/12,3/27/12,ADDITION/WITHDRAWAL,"-7,200.00",27.10,"-195,095.25",USD
ISIN,US71654V4086,PETROLEO BRASILEIRO-SPON ADR,Account 2,3/22/12,3/27/12,ADDITION/WITHDRAWAL,"-17,394.00",27.10,"-471,317.60",USD
ISIN,US71654V4086,PETROLEO BRASILEIRO-SPON ADR,Account 2,3/22/12,3/27/12,ADDITION/WITHDRAWAL,"-17,394.00",27.10,"-471,317.60",USD
ISIN,US71654V4086,PETROLEO BRASILEIRO-SPON ADR,Account 2,3/23/12,3/28/12,BUY,"124,121.00",26.95,"3,351,763.48",USD
ISIN,US71654V4086,PETROLEO BRASILEIRO-SPON ADR,Account 2,3/26/12,3/29/12,BUY,"102,049.00",27.40,"2,801,102.18",USD
ISIN,US71654V4086,PETROLEO BRASILEIRO-SPON ADR,Account 2,3/30/12,4/4/12,SELL,"-20,855.00",26.51,"-552,482.44",USD
ISIN,US71654V4086,PETROLEO BRASILEIRO-SPON ADR,Account 2,3/30/12,4/4/12,BUY,"5,300.00",26.56,"140,847.50",USD
ISIN,US71654V4086,PETROLEO BRASILEIRO-SPON ADR,Account 2,4/2/12,4/5/12,BUY,"34,661.00",26.65,"925,466.03",USD
ISIN,US71654V4086,PETROLEO BRASILEIRO-SPON ADR,Account 2,4/24/12,4/27/12,BUY,"62,442.00",23.53,"1,472,663.35",USD
ISIN,US71654V4086,PETROLEO BRASILEIRO-SPON ADR,Account 2,4/25/12,4/30/12,BUY,"30,047.00",23.74,"714,926.30",USD
ISIN,US71654V4086,PETROLEO BRASILEIRO-SPON ADR,Account 2,4/30/12,5/3/12,SELL,-900.00,23.54,"-21,186.00",USD
ISIN,US71654V4086,PETROLEO BRASILEIRO-SPON ADR,Account 2,5/15/12,5/18/12,SELL,"-24,726.00",19.74,"-486,945.38",USD
ISIN,US71654V4086,PETROLEO BRASILEIRO-SPON ADR,Account 2,5/30/12,6/4/12,BUY,"53,412.00",19.26,"1,029,617.78",USD
ISIN,US71654V4086,PETROLEO BRASILEIRO-SPON ADR,Account 2,5/31/12,6/5/12,BUY,"263,303.00",19.54,"5,150,022.37",USD
ISIN,US71654V4086,PETROLEO BRASILEIRO-SPON ADR,Account 2,5/31/12,6/5/12,BUY,"25,700.00",19.55,"502,492.93",USD
ISIN,US71654V4086,PETROLEO BRASILEIRO-SPON ADR,Account 2,6/1/12,6/6/12,BUY,"147,505.00",19.22,"2,841,905.09",USD
ISIN,US71654V4086,PETROLEO BRASILEIRO-SPON ADR,Account 2,6/4/12,6/7/12,BUY,"194,622.00",19.49,"3,802,291.09",USD
ISIN,US71654V4086,PETROLEO BRASILEIRO-SPON ADR,Account 2,6/5/12,6/8/12,BUY,"47,991.00",19.62,"943,901.39",USD
ISIN,US71654V4086,PETROLEO BRASILEIRO-SPON ADR,Account 2,6/6/12,6/11/12,BUY,"113,846.00",19.89,"2,269,132.93",USD
ISIN,US71654V4086,PETROLEO BRASILEIRO-SPON ADR,Account 2,6/6/12,6/11/12,BUY,"16,400.00",19.89,"326,878.24",USD
ISIN,US71654V4086,PETROLEO BRASILEIRO-SPON ADR,Account 2,6/14/12,6/19/12,BUY,"13,547.00",18.45,"250,585.63",USD
ISIN,US71654V4086,PETROLEO BRASILEIRO-SPON ADR,Account 2,6/29/12,7/5/12,SELL,"-11,100.00",18.77,"-208,347.00",USD
ISIN,US71654V4086,PETROLEO BRASILEIRO-SPON ADR,Account 2,7/31/12,8/3/12,SELL,"-276,758.00",19.63,"-5,420,183.74",USD
ISIN,US71654V4086,PETROLEO BRASILEIRO-SPON ADR,Account 2,7/31/12,8/3/12,SELL,"-3,800.00",19.63,"-74,516.33",USD
ISIN,US71654V4086,PETROLEO BRASILEIRO-SPON ADR,Account 2,8/31/12,9/6/12,SELL,"-3,300.00",21.14,"-69,611.93",USD
ISIN,US71654V4086,PETROLEO BRASILEIRO-SPON ADR,Account 2,9/19/12,9/24/12,BUY,"20,500.00",23.21,"475,805.00",USD
ISIN,US71654V4086,PETROLEO BRASILEIRO-SPON ADR,Account 2,9/19/12,9/24/12,BUY,"4,800.00",23.21,"111,408.00",USD
ISIN,US71654V4086,PETROLEO BRASILEIRO-SPON ADR,Account 2,9/28/12,10/3/12,BUY,"762,586.00",22.93,"17,523,997.50",USD
ISIN,US71654V4086,PETROLEO BRASILEIRO-SPON ADR,Account 2,9/28/12,10/3/12,BUY,"13,800.00",22.94,"316,572.00",USD
ISIN,US71654V4086,PETROLEO BRASILEIRO-SPON ADR,Account 2,9/28/12,10/3/12,BUY,"14,700.00",22.94,"337,218.00",USD
ISIN,US71654V4086,PETROLEO BRASILEIRO-SPON ADR,Account 2,10/31/12,11/5/12,BUY,"6,200.00",21.21,"131,781.00",USD
ISIN,US71654V4086,PETROLEO BRASILEIRO-SPON ADR,Account 2,11/23/12,11/28/12,BUY,"84,282.00",18.58,"1,570,235.19",USD
ISIN,US71654V4086,PETROLEO BRASILEIRO-SPON ADR,Account 2,11/30/12,12/5/12,SELL,"-296,586.00",18.03,"-5,332,733.76",USD
ISIN,US71654V4086,PETROLEO BRASILEIRO-SPON ADR,Account 2,11/30/12,12/5/12,BUY,"11,300.00",17.96,"202,996.03",USD
ISIN,US71654V4086,PETROLEO BRASILEIRO-SPON ADR,Account 2,12/19/12,12/24/12,BUY,"34,219.00",20.20,"692,910.80",USD
ISIN,US71654V4086,PETROLEO BRASILEIRO-SPON ADR,Account 2,12/20/12,12/26/12,BUY,"7,075.00",20.33,"144,159.49",USD
ISIN,US71654V4086,PETROLEO BRASILEIRO-SPON ADR,Account 2,12/28/12,1/3/13,SELL,"-152,078.00",19.07,"-2,897,781.33",USD
ISIN,US71654V4086,PETROLEO BRASILEIRO-SPON ADR,Account 2,12/28/12,1/3/13,SELL,"-3,400.00",19.07,"-64,683.55",USD
ISIN,US71654V4086,PETROLEO BRASILEIRO-SPON ADR,Account 2,1/31/13,2/5/13,SELL,"-11,600.00",18.28,"-211,521.25",USD
ISIN,US71654V4086,PETROLEO BRASILEIRO-SPON ADR,Account 2,2/5/13,2/8/13,SELL,"-90,010.00",16.77,"-1,504,996.40",USD
ISIN,US71654V4086,PETROLEO BRASILEIRO-SPON ADR,Account 2,2/20/13,2/25/13,BUY,"26,770.00",16.02,"430,114.58",USD
ISIN,US71654V4086,PETROLEO BRASILEIRO-SPON ADR,Account 2,2/28/13,3/5/13,BUY,"7,800.00",14.67,"114,777.00",USD
ISIN,US71654V4086,PETROLEO BRASILEIRO-SPON ADR,Account 2,3/18/13,3/21/13,SELL,"-131,581.00",17.62,"-2,311,188.48",USD
ISIN,US71654V4086,PETROLEO BRASILEIRO-SPON ADR,Account 2,3/21/13,3/26/13,BUY,"4,600.00",16.88,"77,717.00",USD
ISIN,US71654V4086,PETROLEO BRASILEIRO-SPON ADR,Account 2,3/25/13,3/28/13,SELL,"-37,421.00",16.86,"-628,886.94",USD
ISIN,US71654V4086,PETROLEO BRASILEIRO-SPON ADR,Account 2,3/28/13,4/3/13,SELL,"-6,700.00",16.57,"-110,916.01",USD
ISIN,US71654V4086,PETROLEO BRASILEIRO-SPON ADR,Account 2,4/5/13,4/10/13,SELL,"-166,890.00",16.19,"-2,692,859.84",USD
ISIN,US71654V4086,PETROLEO BRASILEIRO-SPON ADR,Account 2,4/23/13,4/26/13,SELL,"-16,700.00",16.84,"-280,981.22",USD
ISIN,US71654V4086,PETROLEO BRASILEIRO-SPON ADR,Account 2,4/29/13,5/2/13,SELL,"-21,553.00",19.10,"-410,571.12",USD
ISIN,US71654V4086,PETROLEO BRASILEIRO-SPON ADR,Account 2,4/30/13,5/3/13,BUY,"218,500.00",19.02,"4,159,999.65",USD
ISIN,US71654V4086,PETROLEO BRASILEIRO-SPON ADR,Account 2,4/30/13,5/3/13,BUY,"27,300.00",19.15,"523,204.50",USD
ISIN,US71654V4086,PETROLEO BRASILEIRO-SPON ADR,Account 2,5/17/13,5/22/13,SELL,"-95,236.00",18.76,"-1,781,454.13",USD
ISIN,US71654V4086,PETROLEO BRASILEIRO-SPON ADR,Account 2,5/22/13,5/28/13,SELL,"-38,800.00",18.44,"-714,741.75",USD
ISIN,US71654V4086,PETROLEO BRASILEIRO-SPON ADR,Account 2,5/31/13,6/5/13,BUY,"1,800.00",17.77,"31,986.00",USD
ISIN,US71654V4086,PETROLEO BRASILEIRO-SPON ADR,Account 2,5/31/13,6/5/13,BUY,"242,200.00",17.76,"4,301,762.64",USD
ISIN,US71654V4086,PETROLEO BRASILEIRO-SPON ADR,Account 2,6/28/13,7/3/13,BUY,"416,000.00",13.42,"5,588,960.00",USD
ISIN,US71654V4086,PETROLEO BRASILEIRO-SPON ADR,Account 2,6/28/13,7/3/13,BUY,"9,100.00",13.42,"122,258.50",USD
ISIN,US71654V4086,PETROLEO BRASILEIRO-SPON ADR,Account 2,7/31/13,8/5/13,SELL,"-11,200.00",13.64,"-152,768.00",USD
ISIN,US71654V4086,PETROLEO BRASILEIRO-SPON ADR,Account 2,7/31/13,8/5/13,SELL,"-70,500.00",13.64,"-961,620.00",USD
ISIN,US71654V4086,PETROLEO BRASILEIRO-SPON ADR,Account 2,8/14/13,8/19/13,SELL,"-52,177.00",13.83,"-718,725.63",USD
ISIN,US71654V4086,PETROLEO BRASILEIRO-SPON ADR,Account 2,8/29/13,9/4/13,SELL,"-26,730.00",13.82,"-368,886.28",USD
ISIN,US71654V4086,PETROLEO BRASILEIRO-SPON ADR,Account 2,8/30/13,9/5/13,BUY,"19,800.00",13.49,"267,379.20",USD
ISIN,US71654V4086,PETROLEO BRASILEIRO-SPON ADR,Account 2,8/30/13,9/5/13,SELL,"-2,828.00",13.52,"-38,234.56",USD
ISIN,US71654V4086,PETROLEO BRASILEIRO-SPON ADR,Account 2,8/30/13,9/5/13,SELL,-272.00,13.52,"-3,677.44",USD
ISIN,US71654V4086,PETROLEO BRASILEIRO-SPON ADR,Account 2,9/30/13,10/3/13,SELL,"-23,383.00",15.48,"-361,649.20",USD
ISIN,US71654V4086,PETROLEO BRASILEIRO-SPON ADR,Account 2,10/21/13,10/24/13,SELL,"-15,279.00",16.30,"-248,279.42",USD
ISIN,US71654V4086,PETROLEO BRASILEIRO-SPON ADR,Account 2,10/22/13,10/25/13,SELL,"-55,156.00",16.21,"-891,039.49",USD
ISIN,US71654V4086,PETROLEO BRASILEIRO-SPON ADR,Account 2,10/24/13,10/29/13,SELL,"-27,986.00",15.51,"-434,110.44",USD
ISIN,US71654V4086,PETROLEO BRASILEIRO-SPON ADR,Account 2,10/24/13,10/29/13,SELL,"-219,314.00",15.51,"-3,391,368.64",USD
ISIN,US71654V4086,PETROLEO BRASILEIRO-SPON ADR,Account 2,10/31/13,11/5/13,SELL,"-17,300.00",17.43,"-301,539.00",USD
ISIN,US71654V4086,PETROLEO BRASILEIRO-SPON ADR,Account 2,11/26/13,12/2/13,SELL,"-11,018.00",15.97,"-175,957.46",USD
ISIN,US71654V4086,PETROLEO BRASILEIRO-SPON ADR,Account 2,11/26/13,12/2/13,SELL,"-16,482.00",15.97,"-263,217.54",USD
ISIN,US71654V4086,PETROLEO BRASILEIRO-SPON ADR,Account 2,11/27/13,12/3/13,BUY,"30,000.00",15.78,"473,850.00",USD
ISIN,US71654V4086,PETROLEO BRASILEIRO-SPON ADR,Account 2,11/29/13,12/4/13,BUY,"33,600.00",15.94,"536,088.00",USD
ISIN,US71654V4086,PETROLEO BRASILEIRO-SPON ADR,Account 2,12/2/13,12/5/13,SELL,"-40,786.00",14.19,"-576,789.61",USD
ISIN,US71654V4086,PETROLEO BRASILEIRO-SPON ADR,Account 2,12/3/13,12/6/13,SELL,"-47,355.00",14.10,"-665,391.34",USD
ISIN,US71654V4086,PETROLEO BRASILEIRO-SPON ADR,Account 2,12/12/13,12/17/13,SELL,"-62,754.00",13.44,"-840,160.97",USD
ISIN,US71654V4086,PETROLEO BRASILEIRO-SPON ADR,Account 2,12/20/13,12/26/13,SELL,"-53,709.00",13.33,"-713,382.70",USD
ISIN,US71654V4086,PETROLEO BRASILEIRO-SPON ADR,Account 2,12/27/13,1/2/14,BUY,"58,100.00",13.56,"788,742.36",USD
ISIN,US71654V4086,PETROLEO BRASILEIRO-SPON ADR,Account 2,12/30/13,1/3/14,BUY,"68,400.00",13.66,"935,370.00",USD
ISIN,US71654V4086,PETROLEO BRASILEIRO-SPON ADR,Account 2,1/10/14,1/15/14,BUY,700.00,12.84,"9,019.50",USD
ISIN,US71654V4086,PETROLEO BRASILEIRO-SPON ADR,Account 2,1/15/14,1/21/14,SELL,"-96,517.00",12.74,"-1,224,316.06",USD
ISIN,US71654V4086,PETROLEO BRASILEIRO-SPON ADR,Account 2,1/16/14,1/22/14,SELL,"-29,386.00",12.54,"-366,939.51",USD
ISIN,US71654V4086,PETROLEO BRASILEIRO-SPON ADR,Account 2,1/29/14,2/3/14,SELL,"-4,730.00",11.35,"-53,665.16",USD
ISIN,US71654V4086,PETROLEO BRASILEIRO-SPON ADR,Account 2,1/29/14,2/3/14,SELL,"-27,586.00",11.36,"-311,998.68",USD
ISIN,US71654V4086,PETROLEO BRASILEIRO-SPON ADR,Account 2,2/3/14,2/6/14,ADDITION/WITHDRAWAL,"196,363.00",11.37,"2,232,982.50",USD
ISIN,US71654V4086,PETROLEO BRASILEIRO-SPON ADR,Account 2,2/3/14,2/6/14,ADDITION/WITHDRAWAL,"571,662.00",11.37,"6,500,772.76",USD
ISIN,US71654V4086,PETROLEO BRASILEIRO-SPON ADR,Account 2,2/3/14,2/6/14,ADDITION/WITHDRAWAL,"124,907.00",11.37,"1,420,405.80",USD
ISIN,US71654V4086,PETROLEO BRASILEIRO-SPON ADR,Account 2,2/3/14,2/6/14,ADDITION/WITHDRAWAL,"66,360.00",11.37,"754,626.48",USD
ISIN,US71654V4086,PETROLEO BRASILEIRO-SPON ADR,Account 2,2/3/14,2/6/14,ADDITION/WITHDRAWAL,"33,540.00",11.37,"381,407.05",USD
ISIN,US71654V4086,PETROLEO BRASILEIRO-SPON ADR,Account 2,2/3/14,2/6/14,ADDITION/WITHDRAWAL,"163,149.00",11.37,"1,855,282.62",USD
ISIN,US71654V4086,PETROLEO BRASILEIRO-SPON ADR,Account 2,2/3/14,2/6/14,ADDITION/WITHDRAWAL,"75,801.00",11.37,"861,986.76",USD
ISIN,US71654V4086,PETROLEO BRASILEIRO-SPON ADR,Account 2,2/5/14,2/10/14,SELL,"-127,735.00",10.81,"-1,374,528.60",USD
ISIN,US71654V4086,PETROLEO BRASILEIRO-SPON ADR,Account 2,2/7/14,2/12/14,SELL,"-93,406.00",11.28,"-1,048,959.07",USD
ISIN,US71654V4086,PETROLEO BRASILEIRO-SPON ADR,Account 2,2/26/14,3/3/14,SELL,"-27,625.00",11.13,"-307,355.75",USD
ISIN,US71654V4086,PETROLEO BRASILEIRO-SPON ADR,Account 2,2/28/14,3/5/14,SELL,"-13,294.00",11.12,"-147,850.22",USD
ISIN,US71654V4086,PETROLEO BRASILEIRO-SPON ADR,Account 2,2/28/14,3/5/14,SELL,"-2,906.00",11.12,"-32,319.30",USD
ISIN,US71654V4086,PETROLEO BRASILEIRO-SPON ADR,Account 2,3/6/14,3/11/14,SELL,-500.00,11.32,"-5,652.41",USD
ISIN,US71654V4086,PETROLEO BRASILEIRO-SPON ADR,Account 2,3/12/14,3/17/14,SELL,"-38,839.00",10.69,"-413,565.97",USD
ISIN,US71654V4086,PETROLEO BRASILEIRO-SPON ADR,Account 2,3/31/14,4/3/14,SELL,"-6,700.00",13.15,"-87,801.55",USD
ISIN,US71654V4086,PETROLEO BRASILEIRO-SPON ADR,Account 2,3/31/14,4/3/14,BUY,"204,136.00",13.13,"2,689,879.66",USD
ISIN,US71654V4086,PETROLEO BRASILEIRO-SPON ADR,Account 2,4/3/14,4/8/14,SELL,"-56,233.00",13.11,"-737,124.66",USD
ISIN,US71654V4086,PETROLEO BRASILEIRO-SPON ADR,Account 2,4/28/14,5/1/14,SELL,"-98,500.00",13.69,"-1,343,589.00",USD
ISIN,US71654V4086,PETROLEO BRASILEIRO-SPON ADR,Account 2,4/29/14,5/2/14,SELL,"-98,300.00",14.30,"-1,400,920.88",USD
ISIN,US71654V4086,PETROLEO BRASILEIRO-SPON ADR,Account 2,4/30/14,5/5/14,SELL,"-93,300.00",13.95,"-1,297,615.62",USD
ISIN,US71654V4086,PETROLEO BRASILEIRO-SPON ADR,Account 2,4/30/14,5/5/14,SELL,"-17,800.00",13.88,"-246,257.53",USD
ISIN,US71654V4086,PETROLEO BRASILEIRO-SPON ADR,Account 2,5/30/14,6/4/14,SELL,"-5,792.00",14.21,"-82,048.81",USD
ISIN,US71654V4086,PETROLEO BRASILEIRO-SPON ADR,Account 2,5/30/14,6/4/14,SELL,"-92,800.00",14.10,"-1,304,275.08",USD
ISIN,US71654V4086,PETROLEO BRASILEIRO-SPON ADR,Account 2,6/27/14,7/2/14,SELL,"-86,700.00",14.66,"-1,266,745.61",USD
ISIN,US71654V4086,PETROLEO BRASILEIRO-SPON ADR,Account 2,6/30/14,7/3/14,SELL,"-99,500.00",14.57,"-1,445,046.26",USD
ISIN,US71654V4086,PETROLEO BRASILEIRO-SPON ADR,Account 2,7/2/14,7/8/14,BUY,"4,458.00",14.40,"64,418.10",USD
ISIN,US71654V4086,PETROLEO BRASILEIRO-SPON ADR,Account 2,7/29/14,8/1/14,SELL,"-30,200.00",16.65,"-501,465.92",USD
ISIN,US71654V4086,PETROLEO BRASILEIRO-SPON ADR,Account 2,7/30/14,8/4/14,SELL,"-30,400.00",16.56,"-501,920.23",USD
ISIN,US71654V4086,PETROLEO BRASILEIRO-SPON ADR,Account 2,7/31/14,8/5/14,SELL,"-2,400.00",15.94,"-38,147.15",USD
ISIN,US71654V4086,PETROLEO BRASILEIRO-SPON ADR,Account 2,7/31/14,8/5/14,SELL,"-38,200.00",16.01,"-609,708.14",USD
ISIN,US71654V4086,PETROLEO BRASILEIRO-SPON ADR,Account 2,8/29/14,9/4/14,SELL,"-15,100.00",19.57,"-294,820.97",USD
ISIN,US71654V4086,PETROLEO BRASILEIRO-SPON ADR,Account 2,9/3/14,9/8/14,BUY,"27,832.00",20.52,"572,476.41",USD
ISIN,US71654V4086,PETROLEO BRASILEIRO-SPON ADR,Account 2,9/4/14,9/9/14,BUY,"218,834.00",19.78,"4,338,712.30",USD
ISIN,US71654V4086,PETROLEO BRASILEIRO-SPON ADR,Account 2,9/5/14,9/10/14,BUY,"23,743.00",19.36,"460,956.10",USD
ISIN,US71654V4086,PETROLEO BRASILEIRO-SPON ADR,Account 2,9/8/14,9/11/14,BUY,"234,821.00",18.92,"4,454,460.44",USD
ISIN,US71654V4086,PETROLEO BRASILEIRO-SPON ADR,Account 2,9/10/14,9/15/14,BUY,"25,692.00",17.34,"446,683.68",USD
ISIN,US71654V4086,PETROLEO BRASILEIRO-SPON ADR,Account 2,9/11/14,9/16/14,BUY,"103,517.00",17.62,"1,829,052.22",USD
ISIN,US71654V4086,PETROLEO BRASILEIRO-SPON ADR,Account 2,9/15/14,9/18/14,BUY,"76,211.00",16.46,"1,258,449.38",USD
ISIN,US71654V4086,PETROLEO BRASILEIRO-SPON ADR,Account 2,9/30/14,10/3/14,BUY,"30,200.00",14.19,"428,991.00",USD
ISIN,US71654V4086,PETROLEO BRASILEIRO-SPON ADR,Account 2,10/6/14,10/9/14,BUY,"120,284.00",16.01,"1,931,553.55",USD
ISIN,US71654V4086,PETROLEO BRASILEIRO-SPON ADR,Account 2,10/10/14,10/16/14,BUY,"244,560.00",16.06,"3,940,326.26",USD
ISIN,US71654V4086,PETROLEO BRASILEIRO-SPON ADR,Account 2,10/16/14,10/21/14,BUY,"188,907.00",14.61,"2,769,641.09",USD
ISIN,US71654V4086,PETROLEO BRASILEIRO-SPON ADR,Account 2,10/23/14,10/28/14,SELL,"-26,391.00",12.32,"-323,810.38",USD
ISIN,US71654V4086,PETROLEO BRASILEIRO-SPON ADR,Account 2,10/27/14,10/30/14,SELL,"-293,777.00",11.07,"-3,238,143.85",USD
ISIN,US71654V4086,PETROLEO BRASILEIRO-SPON ADR,Account 2,10/29/14,11/3/14,BUY,"104,500.00",11.38,"1,190,965.60",USD
ISIN,US71654V4086,PETROLEO BRASILEIRO-SPON ADR,Account 2,10/30/14,11/4/14,SELL,"-171,486.00",11.46,"-1,955,823.00",USD
ISIN,US71654V4086,PETROLEO BRASILEIRO-SPON ADR,Account 2,10/31/14,11/5/14,SELL,"-2,271.00",11.85,"-26,797.20",USD
ISIN,US71654V4086,PETROLEO BRASILEIRO-SPON ADR,Account 2,10/31/14,11/5/14,BUY,"143,000.00",11.70,"1,675,245.00",USD
ISIN,US71654V4086,PETROLEO BRASILEIRO-SPON ADR,Account 2,11/5/14,11/10/14,SELL,"-80,954.00",11.14,"-898,148.50",USD
ISIN,US71654V4086,PETROLEO BRASILEIRO-SPON ADR,Account 2,11/7/14,11/13/14,SELL,"-55,990.00",10.88,"-606,593.39",USD
ISIN,US71654V4086,PETROLEO BRASILEIRO-SPON ADR,Account 2,11/10/14,11/14/14,SELL,"-73,152.00",10.62,"-773,221.42",USD
ISIN,US71654V4086,PETROLEO BRASILEIRO-SPON ADR,Account 2,11/14/14,11/19/14,SELL,"-61,569.00",9.64,"-592,582.34",USD
ISIN,US71654V4086,PETROLEO BRASILEIRO-SPON ADR,Account 2,11/25/14,12/1/14,SELL,"-17,400.00",10.51,"-182,624.62",USD
ISIN,US71654V4086,PETROLEO BRASILEIRO-SPON ADR,Account 2,11/25/14,12/1/14,BUY,"1,698.00",10.39,"17,642.22",USD
ISIN,US71654V4086,PETROLEO BRASILEIRO-SPON ADR,Account 2,11/25/14,12/1/14,BUY,2.00,10.39,20.78,USD
ISIN,US71654V4086,PETROLEO BRASILEIRO-SPON ADR,Account 2,11/28/14,12/3/14,SELL,"-23,900.00",9.72,"-231,944.36",USD
ISIN,US71654V4086,PETROLEO BRASILEIRO-SPON ADR,Account 2,12/1/14,12/4/14,SELL,"-101,887.00",9.05,"-917,268.27",USD
ISIN,US71654V4086,PETROLEO BRASILEIRO-SPON ADR,Account 2,12/19/14,12/24/14,BUY,"30,200.00",7.11,"215,175.00",USD
ISIN,US71654V4086,PETROLEO BRASILEIRO-SPON ADR,Account 2,12/29/14,1/2/15,BUY,"20,000.00",7.40,"148,384.00",USD
ISIN,US71654V4086,PETROLEO BRASILEIRO-SPON ADR,Account 2,12/30/14,1/5/15,SELL,"-23,000.00",7.27,"-167,210.00",USD